iter	Passed	Remaining
0	13	13402
1	14	7315
2	15	5157
3	16	4067
4	17	3435
5	18	3085
6	19	2742
7	20	2486
8	20	2281
9	21	2117
10	22	1981
11	22	1871
12	23	1777
13	24	1700
14	29	1945
15	31	1910
16	31	1846
17	32	1791
18	33	1736
19	34	1690
20	35	1664
21	36	1630
22	37	1594
23	39	1607
24	42	1641
25	44	1666
26	47	1706
27	48	1689
28	49	1661
29	50	1633
30	51	1607
31	52	1585
32	53	1562
33	54	1534
34	54	1510
35	55	1485
36	56	1478
37	57	1468
38	58	1449
39	59	1429
40	60	1417
41	61	1407
42	62	1394
43	64	1399
44	65	1388
45	66	1377
46	67	1364
47	68	1351
48	70	1365
49	71	1356
50	72	1343
51	73	1332
52	73	1320
53	74	1309
54	75	1298
55	76	1287
56	77	1279
57	78	1268
58	78	1256
59	79	1246
60	80	1236
61	81	1225
62	81	1214
63	82	1203
64	83	1194
65	85	1210
66	88	1229
67	90	1234
68	91	1232
69	95	1274
70	96	1267
71	97	1260
72	98	1253
73	99	1248
74	100	1245
75	101	1238
76	102	1230
77	103	1223
78	104	1217
79	105	1212
80	106	1204
81	108	1213
82	109	1209
83	111	1210
84	112	1211
85	113	1211
86	115	1207
87	116	1205
88	117	1198
89	117	1190
90	118	1183
91	119	1176
92	122	1195
93	123	1190
94	124	1184
95	125	1179
96	126	1174
97	127	1171
98	128	1166
99	128	1160
100	129	1154
101	130	1148
102	131	1144
103	132	1138
104	133	1135
105	134	1130
106	137	1143
107	137	1138
108	138	1133
109	139	1129
110	140	1126
111	141	1122
112	142	1118
113	143	1114
114	144	1110
115	145	1106
116	145	1100
117	147	1099
118	148	1096
119	148	1092
120	152	1108
121	153	1103
122	154	1098
123	155	1098
124	156	1094
125	157	1090
126	157	1085
127	159	1084
128	160	1084
129	161	1080
130	162	1075
131	163	1072
132	167	1088
133	168	1087
134	169	1086
135	170	1083
136	171	1080
137	172	1077
138	173	1074
139	174	1071
140	175	1069
141	176	1067
142	179	1073
143	182	1083
144	184	1085
145	184	1081
146	186	1080
147	187	1080
148	188	1079
149	190	1079
150	191	1078
151	192	1075
152	200	1112
153	203	1118
154	206	1126
155	209	1132
156	213	1145
157	222	1185
158	230	1219
159	231	1217
160	232	1212
161	233	1210
162	235	1208
163	236	1206
164	237	1202
165	238	1198
166	240	1197
167	244	1212
168	246	1212
169	247	1209
170	249	1207
171	256	1235
172	269	1288
173	270	1285
174	271	1281
175	273	1278
176	287	1338
177	318	1471
178	320	1470
179	322	1471
180	325	1471
181	334	1502
182	335	1497
183	336	1492
184	339	1496
185	346	1516
186	347	1512
187	349	1511
188	353	1517
189	355	1515
190	361	1529
191	363	1529
192	367	1535
193	369	1534
194	370	1529
195	377	1549
196	379	1547
197	385	1561
198	389	1568
199	391	1566
200	392	1560
201	393	1556
202	399	1566
203	401	1566
204	402	1561
205	403	1555
206	405	1553
207	406	1548
208	407	1542
209	409	1538
210	414	1550
211	416	1547
212	417	1542
213	418	1537
214	419	1532
215	420	1527
216	421	1522
217	422	1517
218	424	1512
219	426	1513
220	429	1512
221	431	1511
222	434	1513
223	435	1509
224	443	1528
225	446	1530
226	447	1525
227	448	1519
228	449	1514
229	450	1508
230	451	1502
231	458	1517
232	459	1513
233	460	1508
234	461	1503
235	462	1497
236	463	1492
237	464	1486
238	465	1481
239	466	1477
240	472	1488
241	473	1483
242	474	1478
243	475	1473
244	477	1472
245	479	1470
246	481	1466
247	482	1461
248	489	1475
249	490	1471
250	491	1467
251	492	1461
252	493	1458
253	495	1454
254	496	1449
255	497	1445
256	503	1455
257	505	1452
258	505	1447
259	506	1442
260	508	1438
261	509	1434
262	510	1430
263	511	1426
264	512	1422
265	514	1421
266	515	1416
267	516	1411
268	517	1406
269	519	1404
270	520	1400
271	521	1396
272	523	1393
273	524	1390
274	529	1396
275	531	1393
276	532	1390
277	535	1390
278	542	1402
279	544	1399
280	545	1395
281	547	1393
282	550	1394
283	556	1404
284	561	1408
285	563	1406
286	565	1403
287	566	1400
288	567	1396
289	573	1404
290	576	1404
291	579	1404
292	580	1400
293	581	1396
294	582	1392
295	583	1387
296	587	1389
297	588	1387
298	589	1382
299	590	1378
300	591	1373
301	592	1369
302	593	1365
303	594	1362
304	600	1367
305	601	1363
306	602	1359
307	603	1356
308	605	1353
309	606	1349
310	607	1345
311	608	1341
312	609	1336
313	610	1333
314	615	1337
315	616	1334
316	617	1331
317	618	1327
318	619	1323
319	620	1319
320	622	1315
321	623	1311
322	624	1308
323	628	1312
324	633	1315
325	636	1315
326	637	1312
327	639	1309
328	640	1305
329	644	1309
330	645	1305
331	646	1301
332	652	1307
333	654	1306
334	660	1310
335	666	1316
336	680	1339
337	683	1337
338	685	1336
339	686	1332
340	687	1328
341	695	1337
342	697	1335
343	698	1331
344	699	1328
345	701	1326
346	703	1323
347	709	1329
348	710	1325
349	711	1322
350	713	1318
351	715	1317
352	716	1314
353	718	1310
354	725	1318
355	727	1315
356	729	1314
357	730	1310
358	731	1306
359	732	1302
360	734	1299
361	739	1303
362	740	1299
363	741	1296
364	743	1294
365	744	1290
366	745	1286
367	747	1283
368	748	1279
369	753	1282
370	754	1279
371	755	1276
372	758	1274
373	759	1270
374	760	1267
375	762	1265
376	763	1262
377	769	1265
378	770	1263
379	772	1260
380	773	1256
381	774	1253
382	775	1249
383	776	1245
384	777	1241
385	778	1238
386	785	1243
387	786	1241
388	788	1238
389	789	1234
390	790	1230
391	791	1227
392	792	1224
393	794	1221
394	800	1225
395	802	1223
396	804	1222
397	806	1219
398	807	1215
399	808	1212
400	809	1208
401	813	1210
402	815	1208
403	816	1205
404	817	1201
405	818	1197
406	820	1194
407	821	1191
408	822	1188
409	834	1200
410	836	1198
411	839	1198
412	849	1207
413	852	1206
414	854	1204
415	855	1201
416	863	1207
417	865	1205
418	879	1219
419	886	1223
420	887	1221
421	895	1226
422	897	1224
423	900	1223
424	902	1221
425	910	1227
426	912	1224
427	913	1220
428	915	1218
429	916	1215
430	918	1212
431	927	1218
432	932	1221
433	934	1218
434	942	1224
435	945	1222
436	947	1220
437	961	1234
438	963	1231
439	971	1237
440	977	1239
441	978	1235
442	986	1240
443	988	1237
444	989	1234
445	991	1231
446	992	1228
447	995	1226
448	1002	1230
449	1003	1226
450	1006	1224
451	1016	1232
452	1022	1234
453	1025	1232
454	1027	1230
455	1029	1227
456	1031	1225
457	1033	1223
458	1052	1240
459	1055	1238
460	1062	1241
461	1067	1243
462	1070	1242
463	1078	1246
464	1080	1243
465	1083	1241
466	1091	1245
467	1105	1256
468	1112	1259
469	1127	1271
470	1131	1270
471	1132	1266
472	1133	1262
473	1141	1267
474	1143	1264
475	1145	1260
476	1146	1257
477	1147	1253
478	1149	1250
479	1157	1253
480	1158	1250
481	1160	1247
482	1161	1243
483	1172	1250
484	1175	1248
485	1176	1244
486	1188	1251
487	1191	1250
488	1196	1250
489	1199	1248
490	1206	1250
491	1213	1253
492	1215	1249
493	1223	1253
494	1224	1249
495	1225	1245
496	1226	1241
497	1228	1237
498	1230	1235
499	1235	1235
500	1237	1232
501	1248	1238
502	1251	1236
503	1259	1239
504	1262	1237
505	1267	1237
506	1270	1235
507	1271	1231
508	1273	1228
509	1274	1224
510	1276	1221
511	1278	1218
512	1281	1216
513	1287	1217
514	1295	1220
515	1303	1222
516	1307	1221
517	1308	1217
518	1309	1213
519	1310	1209
520	1311	1205
521	1312	1201
522	1313	1197
523	1317	1196
524	1319	1193
525	1320	1190
526	1321	1186
527	1324	1183
528	1325	1180
529	1328	1177
530	1330	1175
531	1331	1171
532	1332	1167
533	1334	1164
534	1335	1160
535	1337	1158
536	1338	1154
537	1339	1150
538	1343	1149
539	1344	1145
540	1346	1142
541	1348	1139
542	1349	1135
543	1350	1132
544	1352	1128
545	1353	1125
546	1358	1124
547	1359	1121
548	1361	1118
549	1363	1115
550	1364	1111
551	1365	1108
552	1366	1104
553	1367	1101
554	1368	1097
555	1373	1096
556	1375	1093
557	1377	1091
558	1378	1087
559	1379	1083
560	1380	1080
561	1381	1077
562	1383	1073
563	1384	1070
564	1390	1070
565	1392	1067
566	1393	1064
567	1394	1060
568	1395	1057
569	1396	1053
570	1397	1050
571	1398	1046
572	1405	1047
573	1408	1045
574	1411	1043
575	1413	1040
576	1422	1042
577	1423	1039
578	1427	1037
579	1428	1034
580	1433	1033
581	1435	1031
582	1437	1028
583	1438	1024
584	1439	1021
585	1440	1017
586	1441	1013
587	1442	1010
588	1442	1006
589	1443	1003
590	1446	1000
591	1448	998
592	1449	994
593	1450	991
594	1451	988
595	1452	984
596	1453	981
597	1454	977
598	1455	974
599	1456	971
600	1457	967
601	1458	964
602	1458	960
603	1461	957
604	1462	954
605	1462	951
606	1463	947
607	1464	944
608	1465	940
609	1466	937
610	1466	933
611	1467	930
612	1468	927
613	1469	923
614	1470	920
615	1471	917
616	1471	913
617	1476	912
618	1476	909
619	1478	905
620	1478	902
621	1479	899
622	1480	895
623	1481	892
624	1482	889
625	1482	885
626	1483	882
627	1484	879
628	1485	876
629	1486	872
630	1487	869
631	1490	868
632	1492	865
633	1493	862
634	1494	859
635	1496	856
636	1497	853
637	1497	849
638	1498	846
639	1499	843
640	1500	840
641	1500	836
642	1501	833
643	1502	830
644	1505	828
645	1506	825
646	1506	822
647	1507	818
648	1508	815
649	1509	812
650	1509	809
651	1510	806
652	1511	802
653	1511	799
654	1512	796
655	1513	793
656	1514	790
657	1514	787
658	1515	784
659	1516	781
660	1516	777
661	1517	774
662	1520	772
663	1521	769
664	1521	766
665	1522	763
666	1524	761
667	1525	758
668	1526	755
669	1526	751
670	1527	748
671	1528	745
672	1529	742
673	1529	739
674	1531	737
675	1532	734
676	1533	731
677	1534	728
678	1534	725
679	1535	722
680	1536	719
681	1537	716
682	1538	713
683	1538	710
684	1539	707
685	1540	704
686	1540	702
687	1541	699
688	1542	696
689	1542	693
690	1543	690
691	1545	687
692	1546	685
693	1547	682
694	1548	679
695	1549	676
696	1550	673
697	1550	671
698	1551	668
699	1552	665
700	1552	662
701	1553	659
702	1554	656
703	1554	653
704	1555	650
705	1556	648
706	1556	645
707	1557	642
708	1558	639
709	1559	637
710	1561	634
711	1562	632
712	1563	629
713	1564	626
714	1565	624
715	1566	621
716	1567	618
717	1567	615
718	1568	613
719	1569	610
720	1569	607
721	1570	604
722	1571	602
723	1572	599
724	1573	596
725	1576	594
726	1576	592
727	1577	589
728	1578	586
729	1579	584
730	1580	581
731	1580	578
732	1581	576
733	1582	573
734	1583	570
735	1583	568
736	1584	565
737	1585	562
738	1585	560
739	1586	557
740	1587	554
741	1587	552
742	1588	549
743	1590	547
744	1591	544
745	1591	541
746	1592	539
747	1593	536
748	1593	534
749	1594	531
750	1595	528
751	1595	526
752	1596	523
753	1596	521
754	1597	518
755	1598	515
756	1598	513
757	1599	510
758	1600	508
759	1600	505
760	1601	502
761	1602	500
762	1603	498
763	1606	496
764	1606	493
765	1607	491
766	1608	488
767	1608	486
768	1609	483
769	1610	480
770	1610	478
771	1611	475
772	1612	473
773	1612	470
774	1613	468
775	1614	465
776	1614	463
777	1615	460
778	1616	458
779	1616	456
780	1617	453
781	1618	451
782	1621	449
783	1622	447
784	1623	444
785	1623	442
786	1624	439
787	1625	437
788	1625	434
789	1626	432
790	1626	429
791	1627	427
792	1628	424
793	1628	422
794	1629	420
795	1630	417
796	1630	415
797	1631	412
798	1632	410
799	1633	408
800	1635	406
801	1636	404
802	1637	401
803	1637	399
804	1638	396
805	1639	394
806	1639	392
807	1640	389
808	1641	387
809	1641	385
810	1642	382
811	1642	380
812	1643	378
813	1644	375
814	1644	373
815	1645	371
816	1645	368
817	1646	366
818	1647	364
819	1647	361
820	1648	359
821	1651	357
822	1651	355
823	1652	352
824	1652	350
825	1653	348
826	1654	346
827	1654	343
828	1655	341
829	1655	339
830	1656	336
831	1656	334
832	1657	332
833	1658	330
834	1658	327
835	1659	325
836	1660	323
837	1660	321
838	1661	318
839	1662	316
840	1662	314
841	1664	312
842	1666	310
843	1667	308
844	1668	306
845	1669	303
846	1670	301
847	1670	299
848	1671	297
849	1672	295
850	1673	292
851	1674	290
852	1675	288
853	1675	286
854	1676	284
855	1677	282
856	1677	279
857	1678	277
858	1680	275
859	1681	273
860	1681	271
861	1682	269
862	1683	267
863	1684	265
864	1684	262
865	1685	260
866	1686	258
867	1686	256
868	1687	254
869	1687	252
870	1688	250
871	1689	247
872	1690	245
873	1690	243
874	1691	241
875	1691	239
876	1692	237
877	1693	235
878	1696	233
879	1697	231
880	1698	229
881	1698	227
882	1699	225
883	1700	223
884	1701	221
885	1702	219
886	1703	217
887	1704	214
888	1704	212
889	1705	210
890	1706	208
891	1707	206
892	1708	204
893	1711	202
894	1712	200
895	1713	198
896	1714	196
897	1715	194
898	1716	192
899	1716	190
900	1717	188
901	1718	186
902	1718	184
903	1719	182
904	1720	180
905	1721	178
906	1722	176
907	1723	174
908	1728	173
909	1728	170
910	1729	168
911	1730	166
912	1731	164
913	1732	162
914	1733	161
915	1733	159
916	1734	156
917	1735	154
918	1735	152
919	1736	150
920	1737	148
921	1737	146
922	1738	145
923	1739	143
924	1740	141
925	1740	139
926	1741	137
927	1742	135
928	1743	133
929	1744	131
930	1745	129
931	1745	127
932	1746	125
933	1746	123
934	1747	121
935	1748	119
936	1749	117
937	1749	115
938	1750	113
939	1751	111
940	1752	109
941	1754	108
942	1756	106
943	1757	104
944	1758	102
945	1760	100
946	1760	98
947	1761	96
948	1762	94
949	1763	92
950	1764	90
951	1765	89
952	1766	87
953	1767	85
954	1768	83
955	1768	81
956	1769	79
957	1770	77
958	1771	75
959	1771	73
960	1772	71
961	1773	70
962	1773	68
963	1774	66
964	1775	64
965	1775	62
966	1776	60
967	1776	58
968	1777	56
969	1778	54
970	1780	53
971	1782	51
972	1783	49
973	1784	47
974	1784	45
975	1785	43
976	1786	42
977	1787	40
978	1788	38
979	1789	36
980	1789	34
981	1790	32
982	1791	30
983	1792	29
984	1793	27
985	1796	25
986	1797	23
987	1798	21
988	1799	20
989	1800	18
990	1801	16
991	1802	14
992	1805	12
993	1806	10
994	1813	9
995	1814	7
996	1816	5
997	1817	3
998	1818	1
999	1819	0
